{
  "order_1": {
    "values": [
      -179894.67529296875,
      -163520.220703125,
      -190379.21484375,
      -166801.185546875,
      -243991.8671875,
      -183422.7744140625,
      -176643.8212890625,
      -138013.53125,
      -186677.5595703125,
      -117525.3203125
    ],
    "indices": [
      0,
      1,
      2,
      3,
      4,
      5,
      6,
      7,
      8,
      9
    ],
    "description": "Single token Shapley values"
  },
  "order_2": {
    "values": {
      "0_1": -177719.83462524414,
      "0_2": -177669.6307296753,
      "0_3": -177584.89353179932,
      "0_4": -177322.04608154297,
      "0_5": -177709.92036437988,
      "0_6": -177479.47024536133,
      "0_7": -177641.90951538086,
      "0_8": -177643.5326271057,
      "0_9": -177548.90391540527,
      "1_2": -177559.4423828125,
      "1_3": -177674.45456695557,
      "1_4": -177490.0064086914,
      "1_5": -177508.13778686523,
      "1_6": -177322.44903564453,
      "1_7": -177638.75247764587,
      "1_8": -177614.814453125,
      "1_9": -177807.44049072266,
      "2_3": -177732.02114868164,
      "2_4": -177959.64236450195,
      "2_5": -177863.6103668213,
      "2_6": -177610.2257080078,
      "2_7": -178143.98468017578,
      "2_8": -177681.58121299744,
      "2_9": -177327.45697021484,
      "3_4": -178023.79040527344,
      "3_5": -177572.13427734375,
      "3_6": -177647.5411605835,
      "3_7": -177814.19708251953,
      "3_8": -177626.43378829956,
      "3_9": -177502.3102722168,
      "4_5": -177604.44115447998,
      "4_6": -177458.21014404297,
      "4_7": -178170.93115234375,
      "4_8": -177793.63902282715,
      "4_9": -177254.7294921875,
      "5_6": -177934.3885498047,
      "5_7": -177474.33169555664,
      "5_8": -177524.0050048828,
      "5_9": -177731.0913848877,
      "6_7": -178115.21655273438,
      "6_8": -177746.67639160156,
      "6_9": -177166.61141967773,
      "7_8": -177669.93612098694,
      "7_9": -177659.19059753418,
      "8_9": -177632.97383117676
    },
    "description": "Pairwise interaction Shapley values"
  },
  "metadata": {
    "sentence": "The food was cheap, fresh, and tasty.",
    "tokens": [
      "The",
      "\u0120food",
      "\u0120was",
      "\u0120cheap",
      ",",
      "\u0120fresh",
      ",",
      "\u0120and",
      "\u0120tasty",
      "."
    ],
    "num_tokens": 10,
    "embedding_dim": 768,
    "baseline": "zero",
    "center_prediction": -177660.5,
    "model_type": "TN-tree",
    "orders_computed": [
      1,
      2
    ]
  },
  "timing": {
    "training_time": 761.4397852420807,
    "shapley_time": 6.669716119766235,
    "total_time": 768.1095013618469
  }
}