{
  "source_result": "./tn_results_enhanced/The_food_was_cheap,_fresh,_and_tasty_tn_shapley_enhanced.json",
  "sentence_text": "The food was cheap, fresh, and tasty.",
  "tokens": [
    "The",
    " food",
    " was",
    " cheap",
    ",",
    " fresh",
    ",",
    " and",
    " tasty",
    "."
  ],
  "evaluation_config": {
    "orders": [
      2
    ],
    "max_subsets": 10,
    "batch_size": 1024,
    "sample_idx": 0
  },
  "masking_evaluation": {
    "full_data": {
      "r2": -62.89370193476936,
      "mse": 4174.5396432869275,
      "description": "No masking - all features present"
    },
    "single_token_masked": {
      "r2_per_token": [
        -63.42988502474789,
        -64.8085463763306,
        -64.00809055336958,
        -65.01480285765302,
        -63.32036733666715,
        -65.20603278184645,
        -63.410210895031085,
        -64.00833027198611,
        -64.44055058182687,
        -64.17381192044802
      ],
      "r2_mean": -64.18206285999068,
      "r2_std": 0.6454325203555502,
      "description": "One token masked at a time (for order-1 Shapley)"
    },
    "pair_tokens_masked": {
      "r2_per_pair": [
        -65.29595608412447,
        -64.50775930692768,
        -65.42748034261041,
        -63.82961278789229,
        -65.60296549859729,
        -63.91388533292421,
        -64.4797524461858,
        -64.88995745675886,
        -64.64448020120054,
        -65.69379316698807,
        -66.49937510441049,
        -65.15074082697996,
        -66.65597163389512,
        -65.2216682355924,
        -65.69998279317088,
        -66.04066764651003,
        -65.82586059608307,
        -65.878834616116,
        -64.39437804769125,
        -66.04083078716288,
        -64.46935070587487,
        -64.99310018350931,
        -65.37469819107793,
        -65.13483572178939,
        -65.52621799158985,
        -66.80952132438377,
        -65.41769167812392,
        -65.87475886801055,
        -66.22081283181261,
        -66.01291925971357,
        -65.53229620591353,
        -63.81520774590602,
        -64.38498425545234,
        -64.79469119598363,
        -64.54504273207276,
        -65.55053208306572,
        -66.0471449609856,
        -66.37667351385568,
        -66.17112239170002,
        -64.46884558795598,
        -64.87343590826877,
        -64.62068212894835,
        -65.37820205977478,
        -65.13741091579438,
        -65.46936669637026
      ],
      "r2_mean": -65.30429995666123,
      "r2_std": 0.7444838600568772,
      "n_pairs": 45,
      "description": "Two tokens masked at a time (for order-2 Shapley)"
    },
    "random_masked": {
      "r2_values": [
        -69.60039659704192,
        -70.11121995349995,
        -66.65597163389512,
        -65.61381656452141,
        -70.11121995349995,
        -67.2044928860862,
        -69.95233231442026,
        -69.93952492295432,
        -65.01480285765302,
        -64.44055058182687,
        -67.00697254536499,
        -70.07226478586863,
        -64.17381192044802,
        -67.77084777872558,
        -65.01480285765302,
        -69.57032088180853,
        -68.06322965597597,
        -68.9487151883713,
        -67.18390983385491,
        -69.53104785234702
      ],
      "r2_mean": -67.79901257829084,
      "r2_std": 2.0398467488773795,
      "description": "Random masking patterns"
    },
    "all_masked": {
      "r2": -70.21225471244223,
      "mse": 4652.702400753602,
      "prediction_mean": -0.8385294675827026,
      "prediction_std": 1.1920928955078125e-07,
      "description": "All tokens masked (zero baseline for Shapley)"
    }
  },
  "shapley_values": {
    "2": {
      "values": [
        3.415980192969752e-05,
        -0.0003838899318373013,
        -0.0003224913340790652,
        -0.0009317798017594804,
        -0.00011884125600434523,
        -0.0018764991008248225,
        -3.2449334994990075e-05,
        -8.281190160698427e-06,
        -3.840655418437647e-05,
        -8.23057466853811e-05
      ],
      "computation_time": 210.2282407283783,
      "n_values": 10,
      "sample_idx": 0,
      "sample_target": -83.24019622802734,
      "statistics": {
        "mean": -0.0003760784448600763,
        "std": 0.0005701881812868563,
        "min": -0.0018764991008248225,
        "max": 3.415980192969752e-05
      }
    }
  },
  "training_metrics": {
    "train_r2": -66.11461543863268,
    "test_r2": -53.31741264093249,
    "train_mse": 4210.884507791205,
    "test_mse": 4031.2981184759547
  },
  "timestamp": "2025-09-26 08:39:33"
}