{
  "sentence_text": "The food was delicious",
  "tokens": [
    "the",
    "food",
    "was",
    "delicious"
  ],
  "dataset_path": "./shapley_datasets/The_food_was_delicious_shapley_optimized.json",
  "model_config": {
    "rank": 4,
    "max_epochs": 100,
    "target_r2": 0.8,
    "patience": 15,
    "learning_rate": 0.008,
    "normalize_targets": true,
    "leaf_phys_dims": [
      13,
      13,
      13,
      13
    ]
  },
  "training_history": {
    "train_loss": [
      4.588301181793213,
      1.3930752277374268,
      0.8587701916694641,
      0.7284082770347595,
      0.6985591650009155,
      0.6945952773094177,
      0.6517398953437805,
      0.6322520971298218,
      0.6250547766685486,
      0.602649986743927,
      0.6002325415611267,
      0.5849967002868652,
      0.5689647197723389,
      0.5533970594406128,
      0.5349384546279907,
      0.5186671018600464,
      0.5031291842460632,
      0.4856959283351898,
      0.4743516743183136,
      0.45327794551849365,
      0.43498969078063965,
      0.4178014099597931,
      0.3893759846687317,
      0.3709683418273926,
      0.34982362389564514,
      0.3256007730960846,
      0.29917821288108826,
      0.27970990538597107,
      0.2657373547554016,
      0.2539224326610565,
      0.234042689204216,
      0.23034757375717163,
      0.2033384144306183,
      0.20976626873016357
    ],
    "test_loss": [
      1.516832947731018,
      0.9039726853370667,
      0.795965850353241,
      0.7691236138343811,
      0.7529987692832947,
      0.704542338848114,
      0.6739079356193542,
      0.6578113436698914,
      0.6356838941574097,
      0.6413344144821167,
      0.6163320541381836,
      0.6035898327827454,
      0.6036760807037354,
      0.5718597173690796,
      0.5523965358734131,
      0.5520130395889282,
      0.518604576587677,
      0.4912961423397064,
      0.4760934114456177,
      0.4715796411037445,
      0.4406297206878662,
      0.4140026867389679,
      0.4016154706478119,
      0.37050771713256836,
      0.338487833738327,
      0.33095505833625793,
      0.32174789905548096,
      0.2829227149486542,
      0.27861228585243225,
      0.2558707892894745,
      0.253599613904953,
      0.2632775604724884,
      0.26372066140174866,
      0.20985089242458344
    ],
    "train_r2": [
      -3.6575018125332504,
      -0.41388970294790206,
      0.1285063426274492,
      0.26084245198423817,
      0.2911437377788024,
      0.2951678769282048,
      0.33867233666581487,
      0.35845540119969954,
      0.36576194490109715,
      0.38850628516570695,
      0.39096078142848256,
      0.40642757964299225,
      0.42270280585896836,
      0.43850683042663596,
      0.4572454509726681,
      0.47376360578179133,
      0.48953711461269034,
      0.5072345703607923,
      0.5187508075030174,
      0.5401438762366277,
      0.5587092945757799,
      0.576158124040363,
      0.6050140377866888,
      0.6237004768314226,
      0.6451655438023757,
      0.6697555088910961,
      0.6965784303415653,
      0.716341846192614,
      0.7305263095312773,
      0.742520549152042,
      0.7627018397271096,
      0.7664534747454608,
      0.7938721585370072,
      0.7873474199260921
    ],
    "test_r2": [
      -0.4326512305412693,
      0.1461962556760168,
      0.24820892919487603,
      0.2735613666957667,
      0.288791364168863,
      0.3345585994745809,
      0.3634928947873024,
      0.3786961134446557,
      0.39959551838762275,
      0.3942585394244684,
      0.4178732951427475,
      0.42990835639829794,
      0.42982691937748474,
      0.45987753715115287,
      0.4782605247036753,
      0.47862276115777336,
      0.5101770242911501,
      0.5359699954423183,
      0.5503289885676186,
      0.5545922259243481,
      0.5838245023073598,
      0.6089737508301156,
      0.6206734902746258,
      0.6500548178703962,
      0.6802977092253515,
      0.6874123795100622,
      0.6961085656072645,
      0.732778985922351,
      0.7368501917915571,
      0.758329609234673,
      0.7604747169493328,
      0.7513338858383165,
      0.7509153630170882,
      0.8017954680038075
    ],
    "best_epoch": 33,
    "best_r2": 0.8017954680038075,
    "learning_rates": [
      0.008,
      0.008,
      0.008,
      0.008,
      0.008,
      0.008,
      0.008,
      0.008,
      0.008,
      0.008,
      0.008,
      0.008,
      0.008,
      0.008,
      0.008,
      0.008,
      0.008,
      0.008,
      0.008,
      0.008,
      0.008,
      0.008,
      0.008,
      0.008,
      0.008,
      0.008,
      0.008,
      0.008,
      0.008,
      0.008,
      0.008,
      0.008,
      0.008,
      0.008
    ],
    "final_train_r2": 0.8091091477286816,
    "final_test_r2": 0.8017954680038075,
    "final_train_mse": 0.18804323250680466,
    "final_test_mse": 0.20985090052340363
  },
  "masked_data_r2": {
    "overall_r2": 0.8688603951472051,
    "overall_mse": 0.21621507185534103,
    "by_mask_type": {
      "random_mask": {
        "r2": 0.7444003432426356,
        "mse": 0.47951252940241196,
        "n_samples": 20
      },
      "no_mask": {
        "r2": -38.91243307776204,
        "mse": 0.4428196409325718,
        "n_samples": 40
      },
      "pair_masked": {
        "r2": -0.32418534351580863,
        "mse": 0.16140387902299527,
        "n_samples": 60
      },
      "single_token_masked": {
        "r2": 0.309189996382803,
        "mse": 0.07819681755421722,
        "n_samples": 80
      }
    },
    "by_masked_count": {
      "0": {
        "r2": -37.270978138500936,
        "mse": 0.4289350369562337,
        "n_samples": 43
      },
      "1": {
        "r2": 0.28652875150134227,
        "mse": 0.08011133095219664,
        "n_samples": 88
      },
      "2": {
        "r2": -0.24153071822521976,
        "mse": 0.16063556351547068,
        "n_samples": 68
      }
    },
    "total_samples": 200
  },
  "shapley_values": {
    "1": {
      "values": [
        0.0,
        0.0,
        0.0,
        0.0
      ],
      "interactions": [
        [
          0
        ],
        [
          1
        ],
        [
          2
        ],
        [
          3
        ]
      ],
      "computation_time": 0.007696390151977539,
      "mean": 0.0,
      "std": 0.0,
      "min": 0.0,
      "max": 0.0
    },
    "2": {
      "values": [
        0.0,
        0.0,
        0.0,
        0.0,
        0.0,
        0.0
      ],
      "interactions": [
        [
          0,
          1
        ],
        [
          0,
          2
        ],
        [
          0,
          3
        ],
        [
          1,
          2
        ],
        [
          1,
          3
        ],
        [
          2,
          3
        ]
      ],
      "computation_time": 0.01588129997253418,
      "mean": 0.0,
      "std": 0.0,
      "min": 0.0,
      "max": 0.0
    }
  },
  "final_metrics": {
    "train_r2": 0.8091091477286816,
    "test_r2": 0.8017954680038075,
    "train_mse": 0.18804323250680466,
    "test_mse": 0.20985090052340363
  },
  "data_statistics": {
    "n_samples": 960,
    "n_tokens": 4,
    "embed_dim": 12,
    "target_range": [
      0.9547893778565396,
      5.605165188330879
    ],
    "target_mean": 3.5995223893549793,
    "target_std": 0.8282116571575241
  },
  "timestamp": "2025-09-26 08:21:54"
}