{
  "sentence_text": "The food was cheap, fresh, and tasty.",
  "tokens": [
    "The",
    " food",
    " was",
    " cheap",
    ",",
    " fresh",
    ",",
    " and",
    " tasty",
    "."
  ],
  "dataset_path": "sentence_1_dataset.json",
  "model_config": {
    "rank": 50,
    "max_epochs": 300,
    "target_r2": 0.8,
    "patience": 10,
    "leaf_phys_dims": [
      17,
      17,
      17,
      17,
      17,
      17,
      17,
      17,
      17,
      17
    ],
    "assume_bias_when_matrix": true
  },
  "training_history": {
    "train_loss": [
      4800.46484375,
      4800.40869140625,
      4796.37109375,
      4737.8935546875,
      4298.525390625,
      2233.56396484375,
      5139.37109375,
      1045.3970947265625,
      2717.828369140625,
      3590.97802734375,
      3996.475830078125,
      4193.6318359375,
      4288.7900390625,
      4325.2490234375,
      4323.4541015625,
      4304.619140625,
      4268.03759765625
    ],
    "test_loss": [
      4635.02392578125,
      4630.8759765625,
      4570.56494140625,
      4118.27001953125,
      2026.3426513671875,
      6188.62158203125,
      902.9237060546875,
      2513.24072265625,
      3396.00048828125,
      3810.018310546875,
      4012.067626953125,
      4109.82470703125,
      4147.4716796875,
      4145.7958984375,
      4126.6943359375,
      4089.47607421875,
      4031.2978515625
    ],
    "train_r2": [
      -75.51156188253336,
      -75.51066090654106,
      -75.44631934327829,
      -74.51427906814742,
      -67.51146456022084,
      -34.59935716267691,
      -80.91317384109728,
      -15.661921985507668,
      -42.31774284377114,
      -56.23431724913779,
      -62.69728757951251,
      -65.8396363011195,
      -67.3563070744043,
      -67.9374034284224,
      -67.90879341976225,
      -67.60859302258797,
      -67.025547163555
    ],
    "test_r2": [
      -61.45197216615541,
      -61.39607546170475,
      -60.58345017974686,
      -54.489270258888595,
      -26.302788814487304,
      -82.38503543974927,
      -11.165926973074589,
      -32.86321760698966,
      -44.75745837018874,
      -50.33590375117883,
      -53.05830183978355,
      -54.37547446300538,
      -54.88272158051287,
      -54.86014398524271,
      -54.60277422487068,
      -54.101297265782584,
      -53.31741264093249
    ],
    "best_epoch": 6,
    "best_r2": -11.165926973074589,
    "final_train_r2": -66.11461543863268,
    "final_test_r2": -53.31741264093249,
    "final_train_mse": 4210.884507791205,
    "final_test_mse": 4031.2981184759547
  },
  "shapley_values": {
    "1": {
      "values": [
        0.0,
        0.0,
        0.0,
        0.0,
        0.0,
        0.0,
        0.0,
        0.0,
        0.0,
        0.0
      ],
      "interactions": [
        [
          0
        ],
        [
          1
        ],
        [
          2
        ],
        [
          3
        ],
        [
          4
        ],
        [
          5
        ],
        [
          6
        ],
        [
          7
        ],
        [
          8
        ],
        [
          9
        ]
      ],
      "computation_time": 0.18383121490478516,
      "mean_removed": false,
      "original_mean": 0.0
    },
    "2": {
      "values": [
        0.0,
        0.0,
        0.0,
        0.0,
        0.0,
        0.0,
        0.0,
        0.0,
        0.0,
        0.0,
        0.0,
        0.0,
        0.0,
        0.0,
        0.0,
        0.0,
        0.0,
        0.0,
        0.0,
        0.0,
        0.0,
        0.0,
        0.0,
        0.0,
        0.0,
        0.0,
        0.0,
        0.0,
        0.0,
        0.0,
        0.0,
        0.0,
        0.0,
        0.0,
        0.0,
        0.0,
        0.0,
        0.0,
        0.0,
        0.0,
        0.0,
        0.0,
        0.0,
        0.0,
        0.0
      ],
      "interactions": [
        [
          0,
          1
        ],
        [
          0,
          2
        ],
        [
          0,
          3
        ],
        [
          0,
          4
        ],
        [
          0,
          5
        ],
        [
          0,
          6
        ],
        [
          0,
          7
        ],
        [
          0,
          8
        ],
        [
          0,
          9
        ],
        [
          1,
          2
        ],
        [
          1,
          3
        ],
        [
          1,
          4
        ],
        [
          1,
          5
        ],
        [
          1,
          6
        ],
        [
          1,
          7
        ],
        [
          1,
          8
        ],
        [
          1,
          9
        ],
        [
          2,
          3
        ],
        [
          2,
          4
        ],
        [
          2,
          5
        ],
        [
          2,
          6
        ],
        [
          2,
          7
        ],
        [
          2,
          8
        ],
        [
          2,
          9
        ],
        [
          3,
          4
        ],
        [
          3,
          5
        ],
        [
          3,
          6
        ],
        [
          3,
          7
        ],
        [
          3,
          8
        ],
        [
          3,
          9
        ],
        [
          4,
          5
        ],
        [
          4,
          6
        ],
        [
          4,
          7
        ],
        [
          4,
          8
        ],
        [
          4,
          9
        ],
        [
          5,
          6
        ],
        [
          5,
          7
        ],
        [
          5,
          8
        ],
        [
          5,
          9
        ],
        [
          6,
          7
        ],
        [
          6,
          8
        ],
        [
          6,
          9
        ],
        [
          7,
          8
        ],
        [
          7,
          9
        ],
        [
          8,
          9
        ]
      ],
      "computation_time": 0.931067705154419,
      "mean_removed": false,
      "original_mean": 0.0
    }
  },
  "final_metrics": {
    "train_r2": -66.11461543863268,
    "test_r2": -53.31741264093249,
    "train_mse": 4210.884507791205,
    "test_mse": 4031.2981184759547
  },
  "timestamp": "2025-09-26 01:16:53"
}