{
  "order_1": {
    "values_original": [
      -2899543.505859375,
      -2910761.6157226562,
      -2913154.2768554688,
      -2896578.947265625,
      -2867650.453125,
      -2912449.216796875,
      -2893339.76953125,
      -2948765.9921875,
      -2895616.4541015625,
      -2898341.787109375
    ],
    "values_mean_removed": [
      4076.6959960935637,
      -7141.413867187686,
      -9534.075000000186,
      7041.254589843564,
      35969.748730468564,
      -8829.014941406436,
      10280.432324218564,
      -45145.790332031436,
      8003.747753906064,
      5278.414746093564
    ],
    "original_mean": -2903620.2018554686,
    "indices": [
      0,
      1,
      2,
      3,
      4,
      5,
      6,
      7,
      8,
      9
    ],
    "description": "Single token Shapley values with mean removal"
  },
  "order_2": {
    "values_original": {
      "0_1": -2908237.464576721,
      "0_2": -2908311.1612739563,
      "0_3": -2908228.7825012207,
      "0_4": -2908338.1133728027,
      "0_5": -2908137.2981643677,
      "0_6": -2907767.4388427734,
      "0_7": -2908225.7716903687,
      "0_8": -2908275.1138591766,
      "0_9": -2908457.103591919,
      "1_2": -2908361.27293396,
      "1_3": -2908222.3017463684,
      "1_4": -2908104.670074463,
      "1_5": -2908278.964899063,
      "1_6": -2908375.326423645,
      "1_7": -2908168.6714782715,
      "1_8": -2908243.176301956,
      "1_9": -2908334.056793213,
      "2_3": -2908276.883243561,
      "2_4": -2908178.4730300903,
      "2_5": -2908352.5034484863,
      "2_6": -2908422.7568969727,
      "2_7": -2908417.003326416,
      "2_8": -2908224.843898773,
      "2_9": -2908029.3533325195,
      "3_4": -2908350.90184021,
      "3_5": -2908241.659801483,
      "3_6": -2908073.278717041,
      "3_7": -2908316.3984718323,
      "3_8": -2908211.051624298,
      "3_9": -2908162.8924713135,
      "4_5": -2908250.516609192,
      "4_6": -2906876.733276367,
      "4_7": -2909122.6713867188,
      "4_8": -2907941.7914123535,
      "4_9": -2907386.6197509766,
      "5_6": -2907999.0751953125,
      "5_7": -2908405.169784546,
      "5_8": -2908271.6556777954,
      "5_9": -2908514.6745300293,
      "6_7": -2909010.1595458984,
      "6_8": -2908210.7446479797,
      "6_9": -2907756.806640625,
      "7_8": -2908113.320587158,
      "7_9": -2908010.45123291,
      "8_9": -2908352.18208313
    },
    "values_mean_removed": {
      "0_1": -25.3032214269042,
      "0_2": -98.99991866201162,
      "0_3": -16.62114592641592,
      "0_4": -125.95201750844717,
      "0_5": 74.86319092661142,
      "0_6": 444.7225125208497,
      "0_7": -13.610335074365139,
      "0_8": -62.95250388234854,
      "0_9": -244.9422366246581,
      "1_2": -149.11157866567373,
      "1_3": -10.140391074120998,
      "1_4": 107.49128083139658,
      "1_5": -66.80354376882315,
      "1_6": -163.16506835073233,
      "1_7": 43.48987702280283,
      "1_8": -31.014946661889553,
      "1_9": -121.89543791860342,
      "2_3": -64.72188826650381,
      "2_4": 33.68832520395517,
      "2_5": -140.34209319204092,
      "2_6": -210.59554167836905,
      "2_7": -204.84197112172842,
      "2_8": -12.682543478906155,
      "2_9": 182.80802277475595,
      "3_4": -138.74048491567373,
      "3_5": -29.498446188867092,
      "3_6": 138.88263825327158,
      "3_7": -104.23711653798819,
      "3_8": 1.1097309961915016,
      "3_9": 49.26888398081064,
      "4_5": -38.35525389760733,
      "4_6": 1335.4280789270997,
      "4_7": -910.5100314244628,
      "4_8": 270.3699429407716,
      "4_9": 825.5416043177247,
      "5_6": 213.0861599817872,
      "5_7": -193.00842925161123,
      "5_8": -59.49432250112295,
      "5_9": -302.51317473500967,
      "6_7": -797.9981906041503,
      "6_8": 1.4167073145508766,
      "6_9": 455.3547146692872,
      "7_8": 98.84076813608408,
      "7_9": 201.71012238413095,
      "8_9": -140.0207278355956
    },
    "original_mean": -2908212.1613552943,
    "description": "Pairwise interaction Shapley values with mean removal"
  },
  "metadata": {
    "sentence": "The food was cheap, fresh, and tasty.",
    "tokens": [
      "The",
      "\u0120food",
      "\u0120was",
      "\u0120cheap",
      ",",
      "\u0120fresh",
      ",",
      "\u0120and",
      "\u0120tasty",
      "."
    ],
    "num_tokens": 10,
    "embedding_dim": 768,
    "baseline": "zero",
    "center_prediction": -2908260.0,
    "model_type": "TN-tree",
    "orders_computed": [
      1,
      2
    ],
    "mean_removal_applied": true,
    "note": "values_mean_removed should be used for plotting and analysis"
  },
  "timing": {
    "training_time": 275.1599335670471,
    "shapley_time": 1.9190773963928223,
    "total_time": 277.07901096343994
  },
  "training_performance": {
    "final_train_r2": -1.1376811739342438e+17,
    "final_val_r2": -2160626944.0,
    "model_parameters": 94650784,
    "total_epochs": 101
  }
}