{
  "order_1": {
    "values": [
      3364264.94140625,
      3339400.615234375,
      3309795.080078125,
      3332021.436279297,
      3349235.771484375,
      3337023.12109375,
      3323177.37890625,
      3323358.796875,
      3305372.66015625,
      3334077.757080078
    ],
    "indices": [
      0,
      1,
      2,
      3,
      4,
      5,
      6,
      7,
      8,
      9
    ],
    "description": "Single token Shapley values"
  },
  "order_2": {
    "values": {
      "0_1": 3330645.1810913086,
      "0_2": 3330873.938545227,
      "0_3": 3330781.5889778137,
      "0_4": 3330896.109085083,
      "0_5": 3330757.5660324097,
      "0_6": 3330883.467475891,
      "0_7": 3330938.5236358643,
      "0_8": 3330723.440940857,
      "0_9": 3330703.336177826,
      "1_2": 3330674.7334136963,
      "1_3": 3330797.680229187,
      "1_4": 3331342.696411133,
      "1_5": 3330840.275871277,
      "1_6": 3331034.1297912598,
      "1_7": 3330949.025970459,
      "1_8": 3330526.685333252,
      "1_9": 3330789.1112823486,
      "2_3": 3330758.7989234924,
      "2_4": 3330109.4798583984,
      "2_5": 3330801.498954773,
      "2_6": 3330714.0988235474,
      "2_7": 3330703.938346863,
      "2_8": 3330622.0484924316,
      "2_9": 3330778.152449608,
      "3_4": 3330724.330230713,
      "3_5": 3330771.8754143715,
      "3_6": 3330803.2026519775,
      "3_7": 3330801.8157806396,
      "3_8": 3330734.4920272827,
      "3_9": 3330767.4409148693,
      "4_5": 3330920.1569213867,
      "4_6": 3331196.2405700684,
      "4_7": 3331175.5044555664,
      "4_8": 3330149.743774414,
      "4_9": 3330801.183578491,
      "5_6": 3330762.6663503647,
      "5_7": 3330850.8509292603,
      "5_8": 3330752.1467781067,
      "5_9": 3330800.72895813,
      "6_7": 3330756.054534912,
      "6_8": 3330221.1157836914,
      "6_9": 3330021.6811523438,
      "7_8": 3330226.640991211,
      "7_9": 3330287.43548584,
      "8_9": 3331393.417236328
    },
    "description": "Pairwise interaction Shapley values"
  },
  "metadata": {
    "sentence": "The food was cheap, fresh, and tasty.",
    "tokens": [
      "The",
      "\u0120food",
      "\u0120was",
      "\u0120cheap",
      ",",
      "\u0120fresh",
      ",",
      "\u0120and",
      "\u0120tasty",
      "."
    ],
    "num_tokens": 10,
    "embedding_dim": 768,
    "baseline": "zero",
    "center_prediction": 3330764.0,
    "model_type": "TN-tree",
    "orders_computed": [
      1,
      2
    ]
  },
  "timing": {
    "training_time": 83.75846123695374,
    "shapley_time": 2.2009530067443848,
    "total_time": 85.95941424369812
  }
}